footprint_folder,assigned_sample,quicklook_file
footprint_001,ankara,2028112809202420000011107412_QUICKLOOK.JPG
footprint_002,ankara,2028112809202420000011107412_QUICKLOOK.JPG
footprint_003,antalya,2028081508523450000011624583_QUICKLOOK.JPG
footprint_004,ankara,2028112809202420000011107412_QUICKLOOK.JPG
footprint_005,ankara,2028112809202420000011107412_QUICKLOOK.JPG
footprint_006,ankara,2028112809202420000011107412_QUICKLOOK.JPG
footprint_007,ankara,2028112809202420000011107412_QUICKLOOK.JPG
footprint_008,ankara,2028112809202420000011107412_QUICKLOOK.JPG
footprint_009,antalya,2028081508523450000011624583_QUICKLOOK.JPG
footprint_010,ankara,2028112809202420000011107412_QUICKLOOK.JPG
footprint_011,ankara,2028112809202420000011107412_QUICKLOOK.JPG
footprint_012,ankara,2028112809202420000011107412_QUICKLOOK.JPG
footprint_013,ankara,2028112809202420000011107412_QUICKLOOK.JPG
footprint_014,ankara,2028112809202420000011107412_QUICKLOOK.JPG
footprint_015,ankara,2028112809202420000011107412_QUICKLOOK.JPG
footprint_016,ankara,2028112809202420000011107412_QUICKLOOK.JPG
footprint_017,antalya,2028081508523450000011624583_QUICKLOOK.JPG
footprint_018,ankara,2028112809202420000011107412_QUICKLOOK.JPG
footprint_019,antalya,2028081508523450000011624583_QUICKLOOK.JPG
footprint_020,antalya,2028081508523450000011624583_QUICKLOOK.JPG
footprint_021,ankara,2028112809202420000011107412_QUICKLOOK.JPG
footprint_022,ankara,2028112809202420000011107412_QUICKLOOK.JPG
footprint_023,antalya,2028081508523450000011624583_QUICKLOOK.JPG
footprint_024,antalya,2028081508523450000011624583_QUICKLOOK.JPG
footprint_025,antalya,2028081508523450000011624583_QUICKLOOK.JPG
footprint_026,ankara,2028112809202420000011107412_QUICKLOOK.JPG
footprint_027,ankara,2028112809202420000011107412_QUICKLOOK.JPG
footprint_028,antalya,2028081508523450000011624583_QUICKLOOK.JPG
footprint_029,ankara,2028112809202420000011107412_QUICKLOOK.JPG
footprint_030,ankara,2028112809202420000011107412_QUICKLOOK.JPG
footprint_031,antalya,2028081508523450000011624583_QUICKLOOK.JPG
footprint_032,ankara,2028112809202420000011107412_QUICKLOOK.JPG
footprint_033,antalya,2028081508523450000011624583_QUICKLOOK.JPG
footprint_034,antalya,2028081508523450000011624583_QUICKLOOK.JPG
footprint_035,antalya,2028081508523450000011624583_QUICKLOOK.JPG
footprint_036,ankara,2028112809202420000011107412_QUICKLOOK.JPG
footprint_037,antalya,2028081508523450000011624583_QUICKLOOK.JPG
footprint_038,ankara,2028112809202420000011107412_QUICKLOOK.JPG
footprint_039,antalya,2028081508523450000011624583_QUICKLOOK.JPG
footprint_040,ankara,2028112809202420000011107412_QUICKLOOK.JPG
footprint_041,antalya,2028081508523450000011624583_QUICKLOOK.JPG
footprint_042,antalya,2028081508523450000011624583_QUICKLOOK.JPG
footprint_043,ankara,2028112809202420000011107412_QUICKLOOK.JPG
footprint_044,ankara,2028112809202420000011107412_QUICKLOOK.JPG
footprint_045,ankara,2028112809202420000011107412_QUICKLOOK.JPG
footprint_046,ankara,2028112809202420000011107412_QUICKLOOK.JPG
footprint_047,antalya,2028081508523450000011624583_QUICKLOOK.JPG
footprint_048,ankara,2028112809202420000011107412_QUICKLOOK.JPG
footprint_049,ankara,2028112809202420000011107412_QUICKLOOK.JPG
footprint_050,ankara,2028112809202420000011107412_QUICKLOOK.JPG
footprint_051,antalya,2028081508523450000011624583_QUICKLOOK.JPG
footprint_052,antalya,2028081508523450000011624583_QUICKLOOK.JPG
footprint_053,antalya,2028081508523450000011624583_QUICKLOOK.JPG
footprint_054,antalya,2028081508523450000011624583_QUICKLOOK.JPG
footprint_055,ankara,2028112809202420000011107412_QUICKLOOK.JPG
footprint_056,antalya,2028081508523450000011624583_QUICKLOOK.JPG
footprint_057,antalya,2028081508523450000011624583_QUICKLOOK.JPG
footprint_058,ankara,2028112809202420000011107412_QUICKLOOK.JPG
footprint_059,antalya,2028081508523450000011624583_QUICKLOOK.JPG
footprint_060,ankara,2028112809202420000011107412_QUICKLOOK.JPG
footprint_061,ankara,2028112809202420000011107412_QUICKLOOK.JPG
footprint_062,ankara,2028112809202420000011107412_QUICKLOOK.JPG
footprint_063,ankara,2028112809202420000011107412_QUICKLOOK.JPG
footprint_064,antalya,2028081508523450000011624583_QUICKLOOK.JPG
footprint_065,antalya,2028081508523450000011624583_QUICKLOOK.JPG
footprint_066,antalya,2028081508523450000011624583_QUICKLOOK.JPG
footprint_067,ankara,2028112809202420000011107412_QUICKLOOK.JPG
footprint_068,antalya,2028081508523450000011624583_QUICKLOOK.JPG
footprint_069,ankara,2028112809202420000011107412_QUICKLOOK.JPG
footprint_070,ankara,2028112809202420000011107412_QUICKLOOK.JPG
footprint_071,ankara,2028112809202420000011107412_QUICKLOOK.JPG
footprint_072,antalya,2028081508523450000011624583_QUICKLOOK.JPG
footprint_073,antalya,2028081508523450000011624583_QUICKLOOK.JPG
footprint_074,antalya,2028081508523450000011624583_QUICKLOOK.JPG
footprint_075,ankara,2028112809202420000011107412_QUICKLOOK.JPG
footprint_076,ankara,2028112809202420000011107412_QUICKLOOK.JPG
footprint_077,antalya,2028081508523450000011624583_QUICKLOOK.JPG
footprint_078,ankara,2028112809202420000011107412_QUICKLOOK.JPG
footprint_079,antalya,2028081508523450000011624583_QUICKLOOK.JPG
footprint_080,antalya,2028081508523450000011624583_QUICKLOOK.JPG
footprint_081,antalya,2028081508523450000011624583_QUICKLOOK.JPG
footprint_082,ankara,2028112809202420000011107412_QUICKLOOK.JPG
footprint_083,antalya,2028081508523450000011624583_QUICKLOOK.JPG
footprint_084,ankara,2028112809202420000011107412_QUICKLOOK.JPG
footprint_085,ankara,2028112809202420000011107412_QUICKLOOK.JPG
footprint_086,antalya,2028081508523450000011624583_QUICKLOOK.JPG
footprint_087,antalya,2028081508523450000011624583_QUICKLOOK.JPG
footprint_088,antalya,2028081508523450000011624583_QUICKLOOK.JPG
footprint_089,antalya,2028081508523450000011624583_QUICKLOOK.JPG
footprint_090,ankara,2028112809202420000011107412_QUICKLOOK.JPG
footprint_091,ankara,2028112809202420000011107412_QUICKLOOK.JPG
footprint_092,antalya,2028081508523450000011624583_QUICKLOOK.JPG
footprint_093,ankara,2028112809202420000011107412_QUICKLOOK.JPG
footprint_094,ankara,2028112809202420000011107412_QUICKLOOK.JPG
footprint_095,ankara,2028112809202420000011107412_QUICKLOOK.JPG
footprint_096,ankara,2028112809202420000011107412_QUICKLOOK.JPG
footprint_097,ankara,2028112809202420000011107412_QUICKLOOK.JPG
footprint_098,antalya,2028081508523450000011624583_QUICKLOOK.JPG
footprint_099,ankara,2028112809202420000011107412_QUICKLOOK.JPG
footprint_100,antalya,2028081508523450000011624583_QUICKLOOK.JPG
footprint_101,antalya,2028081508523450000011624583_QUICKLOOK.JPG
footprint_102,antalya,2028081508523450000011624583_QUICKLOOK.JPG
footprint_103,antalya,2028081508523450000011624583_QUICKLOOK.JPG
footprint_104,ankara,2028112809202420000011107412_QUICKLOOK.JPG
footprint_105,ankara,2028112809202420000011107412_QUICKLOOK.JPG
footprint_106,antalya,2028081508523450000011624583_QUICKLOOK.JPG
footprint_107,antalya,2028081508523450000011624583_QUICKLOOK.JPG
footprint_108,ankara,2028112809202420000011107412_QUICKLOOK.JPG
footprint_109,antalya,2028081508523450000011624583_QUICKLOOK.JPG
footprint_110,antalya,2028081508523450000011624583_QUICKLOOK.JPG
footprint_111,ankara,2028112809202420000011107412_QUICKLOOK.JPG
footprint_112,antalya,2028081508523450000011624583_QUICKLOOK.JPG
footprint_113,ankara,2028112809202420000011107412_QUICKLOOK.JPG
footprint_114,antalya,2028081508523450000011624583_QUICKLOOK.JPG
footprint_115,ankara,2028112809202420000011107412_QUICKLOOK.JPG
footprint_116,ankara,2028112809202420000011107412_QUICKLOOK.JPG
footprint_117,antalya,2028081508523450000011624583_QUICKLOOK.JPG
footprint_118,ankara,2028112809202420000011107412_QUICKLOOK.JPG
footprint_119,ankara,2028112809202420000011107412_QUICKLOOK.JPG
footprint_120,antalya,2028081508523450000011624583_QUICKLOOK.JPG
footprint_121,ankara,2028112809202420000011107412_QUICKLOOK.JPG
footprint_122,ankara,2028112809202420000011107412_QUICKLOOK.JPG
footprint_123,antalya,2028081508523450000011624583_QUICKLOOK.JPG
footprint_124,antalya,2028081508523450000011624583_QUICKLOOK.JPG
footprint_125,ankara,2028112809202420000011107412_QUICKLOOK.JPG
footprint_126,ankara,2028112809202420000011107412_QUICKLOOK.JPG
footprint_127,antalya,2028081508523450000011624583_QUICKLOOK.JPG
footprint_128,antalya,2028081508523450000011624583_QUICKLOOK.JPG
footprint_129,ankara,2028112809202420000011107412_QUICKLOOK.JPG
footprint_130,ankara,2028112809202420000011107412_QUICKLOOK.JPG
footprint_131,ankara,2028112809202420000011107412_QUICKLOOK.JPG
footprint_132,ankara,2028112809202420000011107412_QUICKLOOK.JPG
footprint_133,ankara,2028112809202420000011107412_QUICKLOOK.JPG
footprint_134,antalya,2028081508523450000011624583_QUICKLOOK.JPG
footprint_135,ankara,2028112809202420000011107412_QUICKLOOK.JPG
footprint_136,ankara,2028112809202420000011107412_QUICKLOOK.JPG
footprint_137,ankara,2028112809202420000011107412_QUICKLOOK.JPG
footprint_138,antalya,2028081508523450000011624583_QUICKLOOK.JPG
footprint_139,ankara,2028112809202420000011107412_QUICKLOOK.JPG
footprint_140,antalya,2028081508523450000011624583_QUICKLOOK.JPG
footprint_141,antalya,2028081508523450000011624583_QUICKLOOK.JPG
footprint_142,ankara,2028112809202420000011107412_QUICKLOOK.JPG
footprint_143,ankara,2028112809202420000011107412_QUICKLOOK.JPG
footprint_144,antalya,2028081508523450000011624583_QUICKLOOK.JPG
footprint_145,antalya,2028081508523450000011624583_QUICKLOOK.JPG
footprint_146,antalya,2028081508523450000011624583_QUICKLOOK.JPG
footprint_147,antalya,2028081508523450000011624583_QUICKLOOK.JPG
footprint_148,antalya,2028081508523450000011624583_QUICKLOOK.JPG
footprint_149,ankara,2028112809202420000011107412_QUICKLOOK.JPG
footprint_150,ankara,2028112809202420000011107412_QUICKLOOK.JPG
footprint_151,ankara,2028112809202420000011107412_QUICKLOOK.JPG
footprint_152,ankara,2028112809202420000011107412_QUICKLOOK.JPG
footprint_153,antalya,2028081508523450000011624583_QUICKLOOK.JPG
footprint_154,ankara,2028112809202420000011107412_QUICKLOOK.JPG
footprint_155,ankara,2028112809202420000011107412_QUICKLOOK.JPG
footprint_156,ankara,2028112809202420000011107412_QUICKLOOK.JPG
footprint_157,ankara,2028112809202420000011107412_QUICKLOOK.JPG
footprint_158,ankara,2028112809202420000011107412_QUICKLOOK.JPG
footprint_159,ankara,2028112809202420000011107412_QUICKLOOK.JPG
footprint_160,ankara,2028112809202420000011107412_QUICKLOOK.JPG
footprint_161,ankara,2028112809202420000011107412_QUICKLOOK.JPG
footprint_162,ankara,2028112809202420000011107412_QUICKLOOK.JPG
footprint_163,antalya,2028081508523450000011624583_QUICKLOOK.JPG
footprint_164,ankara,2028112809202420000011107412_QUICKLOOK.JPG
footprint_165,ankara,2028112809202420000011107412_QUICKLOOK.JPG
footprint_166,antalya,2028081508523450000011624583_QUICKLOOK.JPG
footprint_167,antalya,2028081508523450000011624583_QUICKLOOK.JPG
footprint_168,ankara,2028112809202420000011107412_QUICKLOOK.JPG
footprint_169,ankara,2028112809202420000011107412_QUICKLOOK.JPG
footprint_170,antalya,2028081508523450000011624583_QUICKLOOK.JPG
footprint_171,ankara,2028112809202420000011107412_QUICKLOOK.JPG
footprint_172,antalya,2028081508523450000011624583_QUICKLOOK.JPG
footprint_173,antalya,2028081508523450000011624583_QUICKLOOK.JPG
footprint_174,ankara,2028112809202420000011107412_QUICKLOOK.JPG
footprint_175,ankara,2028112809202420000011107412_QUICKLOOK.JPG
footprint_176,ankara,2028112809202420000011107412_QUICKLOOK.JPG
footprint_177,antalya,2028081508523450000011624583_QUICKLOOK.JPG
footprint_178,antalya,2028081508523450000011624583_QUICKLOOK.JPG
footprint_179,antalya,2028081508523450000011624583_QUICKLOOK.JPG
footprint_180,antalya,2028081508523450000011624583_QUICKLOOK.JPG
footprint_181,antalya,2028081508523450000011624583_QUICKLOOK.JPG
footprint_182,ankara,2028112809202420000011107412_QUICKLOOK.JPG
footprint_183,ankara,2028112809202420000011107412_QUICKLOOK.JPG
footprint_184,ankara,2028112809202420000011107412_QUICKLOOK.JPG
footprint_185,antalya,2028081508523450000011624583_QUICKLOOK.JPG
footprint_186,antalya,2028081508523450000011624583_QUICKLOOK.JPG
footprint_187,ankara,2028112809202420000011107412_QUICKLOOK.JPG
footprint_188,ankara,2028112809202420000011107412_QUICKLOOK.JPG
footprint_189,ankara,2028112809202420000011107412_QUICKLOOK.JPG
footprint_190,ankara,2028112809202420000011107412_QUICKLOOK.JPG
footprint_191,antalya,2028081508523450000011624583_QUICKLOOK.JPG
footprint_192,ankara,2028112809202420000011107412_QUICKLOOK.JPG
footprint_193,antalya,2028081508523450000011624583_QUICKLOOK.JPG
footprint_194,ankara,2028112809202420000011107412_QUICKLOOK.JPG
footprint_195,antalya,2028081508523450000011624583_QUICKLOOK.JPG
footprint_196,antalya,2028081508523450000011624583_QUICKLOOK.JPG
footprint_197,ankara,2028112809202420000011107412_QUICKLOOK.JPG
footprint_198,ankara,2028112809202420000011107412_QUICKLOOK.JPG
footprint_199,antalya,2028081508523450000011624583_QUICKLOOK.JPG
footprint_200,ankara,2028112809202420000011107412_QUICKLOOK.JPG
footprint_201,ankara,2028112809202420000011107412_QUICKLOOK.JPG
footprint_202,ankara,2028112809202420000011107412_QUICKLOOK.JPG
footprint_203,ankara,2028112809202420000011107412_QUICKLOOK.JPG
footprint_204,ankara,2028112809202420000011107412_QUICKLOOK.JPG
footprint_205,ankara,2028112809202420000011107412_QUICKLOOK.JPG
footprint_206,antalya,2028081508523450000011624583_QUICKLOOK.JPG
footprint_207,antalya,2028081508523450000011624583_QUICKLOOK.JPG
footprint_208,antalya,2028081508523450000011624583_QUICKLOOK.JPG
footprint_209,ankara,2028112809202420000011107412_QUICKLOOK.JPG
footprint_210,antalya,2028081508523450000011624583_QUICKLOOK.JPG
footprint_211,ankara,2028112809202420000011107412_QUICKLOOK.JPG
footprint_212,ankara,2028112809202420000011107412_QUICKLOOK.JPG
footprint_213,antalya,2028081508523450000011624583_QUICKLOOK.JPG
footprint_214,ankara,2028112809202420000011107412_QUICKLOOK.JPG
footprint_215,antalya,2028081508523450000011624583_QUICKLOOK.JPG
footprint_216,antalya,2028081508523450000011624583_QUICKLOOK.JPG
footprint_217,antalya,2028081508523450000011624583_QUICKLOOK.JPG
footprint_218,antalya,2028081508523450000011624583_QUICKLOOK.JPG
footprint_219,antalya,2028081508523450000011624583_QUICKLOOK.JPG
footprint_220,antalya,2028081508523450000011624583_QUICKLOOK.JPG
footprint_221,ankara,2028112809202420000011107412_QUICKLOOK.JPG
footprint_222,ankara,2028112809202420000011107412_QUICKLOOK.JPG
footprint_223,antalya,2028081508523450000011624583_QUICKLOOK.JPG
footprint_224,ankara,2028112809202420000011107412_QUICKLOOK.JPG
footprint_225,ankara,2028112809202420000011107412_QUICKLOOK.JPG
footprint_226,ankara,2028112809202420000011107412_QUICKLOOK.JPG
footprint_227,antalya,2028081508523450000011624583_QUICKLOOK.JPG
footprint_228,ankara,2028112809202420000011107412_QUICKLOOK.JPG
footprint_229,ankara,2028112809202420000011107412_QUICKLOOK.JPG
footprint_230,antalya,2028081508523450000011624583_QUICKLOOK.JPG
footprint_231,ankara,2028112809202420000011107412_QUICKLOOK.JPG
footprint_232,ankara,2028112809202420000011107412_QUICKLOOK.JPG
footprint_233,ankara,2028112809202420000011107412_QUICKLOOK.JPG
footprint_234,ankara,2028112809202420000011107412_QUICKLOOK.JPG
footprint_235,ankara,2028112809202420000011107412_QUICKLOOK.JPG
footprint_236,ankara,2028112809202420000011107412_QUICKLOOK.JPG
footprint_237,ankara,2028112809202420000011107412_QUICKLOOK.JPG
footprint_238,antalya,2028081508523450000011624583_QUICKLOOK.JPG
footprint_239,ankara,2028112809202420000011107412_QUICKLOOK.JPG
footprint_240,ankara,2028112809202420000011107412_QUICKLOOK.JPG
footprint_241,ankara,2028112809202420000011107412_QUICKLOOK.JPG
footprint_242,ankara,2028112809202420000011107412_QUICKLOOK.JPG
footprint_243,antalya,2028081508523450000011624583_QUICKLOOK.JPG
footprint_244,antalya,2028081508523450000011624583_QUICKLOOK.JPG
footprint_245,antalya,2028081508523450000011624583_QUICKLOOK.JPG
footprint_246,ankara,2028112809202420000011107412_QUICKLOOK.JPG
footprint_247,antalya,2028081508523450000011624583_QUICKLOOK.JPG
footprint_248,ankara,2028112809202420000011107412_QUICKLOOK.JPG
footprint_249,antalya,2028081508523450000011624583_QUICKLOOK.JPG
footprint_250,antalya,2028081508523450000011624583_QUICKLOOK.JPG
footprint_251,ankara,2028112809202420000011107412_QUICKLOOK.JPG
footprint_252,antalya,2028081508523450000011624583_QUICKLOOK.JPG
footprint_253,antalya,2028081508523450000011624583_QUICKLOOK.JPG
footprint_254,antalya,2028081508523450000011624583_QUICKLOOK.JPG
footprint_255,ankara,2028112809202420000011107412_QUICKLOOK.JPG
footprint_256,ankara,2028112809202420000011107412_QUICKLOOK.JPG
footprint_257,antalya,2028081508523450000011624583_QUICKLOOK.JPG
footprint_258,ankara,2028112809202420000011107412_QUICKLOOK.JPG
footprint_259,ankara,2028112809202420000011107412_QUICKLOOK.JPG
footprint_260,ankara,2028112809202420000011107412_QUICKLOOK.JPG
footprint_261,antalya,2028081508523450000011624583_QUICKLOOK.JPG
footprint_262,ankara,2028112809202420000011107412_QUICKLOOK.JPG
footprint_263,antalya,2028081508523450000011624583_QUICKLOOK.JPG
footprint_264,ankara,2028112809202420000011107412_QUICKLOOK.JPG
footprint_265,ankara,2028112809202420000011107412_QUICKLOOK.JPG
footprint_266,antalya,2028081508523450000011624583_QUICKLOOK.JPG
footprint_267,antalya,2028081508523450000011624583_QUICKLOOK.JPG
footprint_268,ankara,2028112809202420000011107412_QUICKLOOK.JPG
footprint_269,antalya,2028081508523450000011624583_QUICKLOOK.JPG
footprint_270,antalya,2028081508523450000011624583_QUICKLOOK.JPG
footprint_271,ankara,2028112809202420000011107412_QUICKLOOK.JPG
footprint_272,antalya,2028081508523450000011624583_QUICKLOOK.JPG
footprint_273,ankara,2028112809202420000011107412_QUICKLOOK.JPG
footprint_274,ankara,2028112809202420000011107412_QUICKLOOK.JPG
footprint_275,antalya,2028081508523450000011624583_QUICKLOOK.JPG
footprint_276,ankara,2028112809202420000011107412_QUICKLOOK.JPG
footprint_277,ankara,2028112809202420000011107412_QUICKLOOK.JPG
footprint_278,ankara,2028112809202420000011107412_QUICKLOOK.JPG
footprint_279,antalya,2028081508523450000011624583_QUICKLOOK.JPG
footprint_280,antalya,2028081508523450000011624583_QUICKLOOK.JPG
footprint_281,ankara,2028112809202420000011107412_QUICKLOOK.JPG
footprint_282,antalya,2028081508523450000011624583_QUICKLOOK.JPG
footprint_283,ankara,2028112809202420000011107412_QUICKLOOK.JPG
footprint_284,antalya,2028081508523450000011624583_QUICKLOOK.JPG
footprint_285,antalya,2028081508523450000011624583_QUICKLOOK.JPG
footprint_286,antalya,2028081508523450000011624583_QUICKLOOK.JPG
footprint_287,ankara,2028112809202420000011107412_QUICKLOOK.JPG
footprint_288,ankara,2028112809202420000011107412_QUICKLOOK.JPG
footprint_289,antalya,2028081508523450000011624583_QUICKLOOK.JPG
footprint_290,antalya,2028081508523450000011624583_QUICKLOOK.JPG
footprint_291,ankara,2028112809202420000011107412_QUICKLOOK.JPG
footprint_292,ankara,2028112809202420000011107412_QUICKLOOK.JPG
footprint_293,antalya,2028081508523450000011624583_QUICKLOOK.JPG
footprint_294,ankara,2028112809202420000011107412_QUICKLOOK.JPG
footprint_295,antalya,2028081508523450000011624583_QUICKLOOK.JPG
footprint_296,ankara,2028112809202420000011107412_QUICKLOOK.JPG
footprint_297,antalya,2028081508523450000011624583_QUICKLOOK.JPG
footprint_298,antalya,2028081508523450000011624583_QUICKLOOK.JPG
footprint_299,ankara,2028112809202420000011107412_QUICKLOOK.JPG
footprint_300,ankara,2028112809202420000011107412_QUICKLOOK.JPG
footprint_301,ankara,2028112809202420000011107412_QUICKLOOK.JPG
footprint_302,ankara,2028112809202420000011107412_QUICKLOOK.JPG
footprint_303,ankara,2028112809202420000011107412_QUICKLOOK.JPG
footprint_304,antalya,2028081508523450000011624583_QUICKLOOK.JPG
footprint_305,ankara,2028112809202420000011107412_QUICKLOOK.JPG
footprint_306,antalya,2028081508523450000011624583_QUICKLOOK.JPG
footprint_307,ankara,2028112809202420000011107412_QUICKLOOK.JPG
footprint_308,ankara,2028112809202420000011107412_QUICKLOOK.JPG
footprint_309,antalya,2028081508523450000011624583_QUICKLOOK.JPG
footprint_310,antalya,2028081508523450000011624583_QUICKLOOK.JPG
footprint_311,ankara,2028112809202420000011107412_QUICKLOOK.JPG
footprint_312,antalya,2028081508523450000011624583_QUICKLOOK.JPG
footprint_313,ankara,2028112809202420000011107412_QUICKLOOK.JPG
footprint_314,ankara,2028112809202420000011107412_QUICKLOOK.JPG
footprint_315,ankara,2028112809202420000011107412_QUICKLOOK.JPG
footprint_316,antalya,2028081508523450000011624583_QUICKLOOK.JPG
footprint_317,antalya,2028081508523450000011624583_QUICKLOOK.JPG
footprint_318,ankara,2028112809202420000011107412_QUICKLOOK.JPG
footprint_319,ankara,2028112809202420000011107412_QUICKLOOK.JPG
footprint_320,ankara,2028112809202420000011107412_QUICKLOOK.JPG
footprint_321,ankara,2028112809202420000011107412_QUICKLOOK.JPG
footprint_322,antalya,2028081508523450000011624583_QUICKLOOK.JPG
footprint_323,ankara,2028112809202420000011107412_QUICKLOOK.JPG
footprint_324,ankara,2028112809202420000011107412_QUICKLOOK.JPG
footprint_325,antalya,2028081508523450000011624583_QUICKLOOK.JPG
footprint_326,antalya,2028081508523450000011624583_QUICKLOOK.JPG
footprint_327,ankara,2028112809202420000011107412_QUICKLOOK.JPG
footprint_328,antalya,2028081508523450000011624583_QUICKLOOK.JPG
footprint_329,ankara,2028112809202420000011107412_QUICKLOOK.JPG
footprint_330,ankara,2028112809202420000011107412_QUICKLOOK.JPG
footprint_331,antalya,2028081508523450000011624583_QUICKLOOK.JPG
footprint_332,ankara,2028112809202420000011107412_QUICKLOOK.JPG
footprint_333,antalya,2028081508523450000011624583_QUICKLOOK.JPG
footprint_334,ankara,2028112809202420000011107412_QUICKLOOK.JPG
footprint_335,ankara,2028112809202420000011107412_QUICKLOOK.JPG
footprint_336,antalya,2028081508523450000011624583_QUICKLOOK.JPG
footprint_337,antalya,2028081508523450000011624583_QUICKLOOK.JPG
footprint_338,antalya,2028081508523450000011624583_QUICKLOOK.JPG
footprint_339,ankara,2028112809202420000011107412_QUICKLOOK.JPG
footprint_340,ankara,2028112809202420000011107412_QUICKLOOK.JPG
footprint_341,ankara,2028112809202420000011107412_QUICKLOOK.JPG
footprint_342,ankara,2028112809202420000011107412_QUICKLOOK.JPG
footprint_343,antalya,2028081508523450000011624583_QUICKLOOK.JPG
footprint_344,antalya,2028081508523450000011624583_QUICKLOOK.JPG
footprint_345,antalya,2028081508523450000011624583_QUICKLOOK.JPG
footprint_346,ankara,2028112809202420000011107412_QUICKLOOK.JPG
footprint_347,antalya,2028081508523450000011624583_QUICKLOOK.JPG
footprint_348,antalya,2028081508523450000011624583_QUICKLOOK.JPG
footprint_349,antalya,2028081508523450000011624583_QUICKLOOK.JPG
footprint_350,antalya,2028081508523450000011624583_QUICKLOOK.JPG
footprint_351,ankara,2028112809202420000011107412_QUICKLOOK.JPG
footprint_352,ankara,2028112809202420000011107412_QUICKLOOK.JPG
footprint_353,antalya,2028081508523450000011624583_QUICKLOOK.JPG
footprint_354,ankara,2028112809202420000011107412_QUICKLOOK.JPG
footprint_355,antalya,2028081508523450000011624583_QUICKLOOK.JPG
footprint_356,ankara,2028112809202420000011107412_QUICKLOOK.JPG
footprint_357,ankara,2028112809202420000011107412_QUICKLOOK.JPG
footprint_358,antalya,2028081508523450000011624583_QUICKLOOK.JPG
footprint_359,antalya,2028081508523450000011624583_QUICKLOOK.JPG
footprint_360,antalya,2028081508523450000011624583_QUICKLOOK.JPG
footprint_361,antalya,2028081508523450000011624583_QUICKLOOK.JPG
footprint_362,ankara,2028112809202420000011107412_QUICKLOOK.JPG
footprint_363,antalya,2028081508523450000011624583_QUICKLOOK.JPG
footprint_364,ankara,2028112809202420000011107412_QUICKLOOK.JPG
footprint_365,antalya,2028081508523450000011624583_QUICKLOOK.JPG
footprint_366,ankara,2028112809202420000011107412_QUICKLOOK.JPG
footprint_367,antalya,2028081508523450000011624583_QUICKLOOK.JPG
footprint_368,ankara,2028112809202420000011107412_QUICKLOOK.JPG
footprint_369,ankara,2028112809202420000011107412_QUICKLOOK.JPG
footprint_370,antalya,2028081508523450000011624583_QUICKLOOK.JPG
footprint_371,antalya,2028081508523450000011624583_QUICKLOOK.JPG
footprint_372,ankara,2028112809202420000011107412_QUICKLOOK.JPG
footprint_373,antalya,2028081508523450000011624583_QUICKLOOK.JPG
footprint_374,antalya,2028081508523450000011624583_QUICKLOOK.JPG
footprint_375,ankara,2028112809202420000011107412_QUICKLOOK.JPG
footprint_376,antalya,2028081508523450000011624583_QUICKLOOK.JPG
footprint_377,antalya,2028081508523450000011624583_QUICKLOOK.JPG
footprint_378,antalya,2028081508523450000011624583_QUICKLOOK.JPG
footprint_379,antalya,2028081508523450000011624583_QUICKLOOK.JPG
footprint_380,antalya,2028081508523450000011624583_QUICKLOOK.JPG
footprint_381,antalya,2028081508523450000011624583_QUICKLOOK.JPG
footprint_382,ankara,2028112809202420000011107412_QUICKLOOK.JPG
footprint_383,ankara,2028112809202420000011107412_QUICKLOOK.JPG
footprint_384,antalya,2028081508523450000011624583_QUICKLOOK.JPG
footprint_385,antalya,2028081508523450000011624583_QUICKLOOK.JPG
footprint_386,ankara,2028112809202420000011107412_QUICKLOOK.JPG
footprint_387,antalya,2028081508523450000011624583_QUICKLOOK.JPG
footprint_388,antalya,2028081508523450000011624583_QUICKLOOK.JPG
footprint_389,ankara,2028112809202420000011107412_QUICKLOOK.JPG
footprint_390,antalya,2028081508523450000011624583_QUICKLOOK.JPG
footprint_391,antalya,2028081508523450000011624583_QUICKLOOK.JPG
footprint_392,ankara,2028112809202420000011107412_QUICKLOOK.JPG
footprint_393,antalya,2028081508523450000011624583_QUICKLOOK.JPG
footprint_394,antalya,2028081508523450000011624583_QUICKLOOK.JPG
footprint_395,antalya,2028081508523450000011624583_QUICKLOOK.JPG
footprint_396,antalya,2028081508523450000011624583_QUICKLOOK.JPG
footprint_397,antalya,2028081508523450000011624583_QUICKLOOK.JPG
footprint_398,ankara,2028112809202420000011107412_QUICKLOOK.JPG
footprint_399,antalya,2028081508523450000011624583_QUICKLOOK.JPG
footprint_400,ankara,2028112809202420000011107412_QUICKLOOK.JPG
footprint_401,ankara,2028112809202420000011107412_QUICKLOOK.JPG
footprint_402,antalya,2028081508523450000011624583_QUICKLOOK.JPG
footprint_403,antalya,2028081508523450000011624583_QUICKLOOK.JPG
footprint_404,ankara,2028112809202420000011107412_QUICKLOOK.JPG
footprint_405,ankara,2028112809202420000011107412_QUICKLOOK.JPG
footprint_406,antalya,2028081508523450000011624583_QUICKLOOK.JPG
footprint_407,ankara,2028112809202420000011107412_QUICKLOOK.JPG
footprint_408,ankara,2028112809202420000011107412_QUICKLOOK.JPG
footprint_409,ankara,2028112809202420000011107412_QUICKLOOK.JPG
footprint_410,ankara,2028112809202420000011107412_QUICKLOOK.JPG
footprint_411,ankara,2028112809202420000011107412_QUICKLOOK.JPG
footprint_412,ankara,2028112809202420000011107412_QUICKLOOK.JPG
footprint_413,antalya,2028081508523450000011624583_QUICKLOOK.JPG
footprint_414,ankara,2028112809202420000011107412_QUICKLOOK.JPG
footprint_415,antalya,2028081508523450000011624583_QUICKLOOK.JPG
footprint_416,antalya,2028081508523450000011624583_QUICKLOOK.JPG
footprint_417,ankara,2028112809202420000011107412_QUICKLOOK.JPG
footprint_418,antalya,2028081508523450000011624583_QUICKLOOK.JPG
footprint_419,antalya,2028081508523450000011624583_QUICKLOOK.JPG
footprint_420,antalya,2028081508523450000011624583_QUICKLOOK.JPG
footprint_421,ankara,2028112809202420000011107412_QUICKLOOK.JPG
footprint_422,ankara,2028112809202420000011107412_QUICKLOOK.JPG
footprint_423,ankara,2028112809202420000011107412_QUICKLOOK.JPG
footprint_424,ankara,2028112809202420000011107412_QUICKLOOK.JPG
footprint_425,antalya,2028081508523450000011624583_QUICKLOOK.JPG
footprint_426,ankara,2028112809202420000011107412_QUICKLOOK.JPG
footprint_427,ankara,2028112809202420000011107412_QUICKLOOK.JPG
footprint_428,antalya,2028081508523450000011624583_QUICKLOOK.JPG
footprint_429,ankara,2028112809202420000011107412_QUICKLOOK.JPG
footprint_430,ankara,2028112809202420000011107412_QUICKLOOK.JPG
footprint_431,ankara,2028112809202420000011107412_QUICKLOOK.JPG
footprint_432,antalya,2028081508523450000011624583_QUICKLOOK.JPG
footprint_433,ankara,2028112809202420000011107412_QUICKLOOK.JPG
footprint_434,antalya,2028081508523450000011624583_QUICKLOOK.JPG
footprint_435,antalya,2028081508523450000011624583_QUICKLOOK.JPG
footprint_436,antalya,2028081508523450000011624583_QUICKLOOK.JPG
footprint_437,antalya,2028081508523450000011624583_QUICKLOOK.JPG
footprint_438,antalya,2028081508523450000011624583_QUICKLOOK.JPG
footprint_439,ankara,2028112809202420000011107412_QUICKLOOK.JPG
footprint_440,antalya,2028081508523450000011624583_QUICKLOOK.JPG
footprint_441,antalya,2028081508523450000011624583_QUICKLOOK.JPG
footprint_442,antalya,2028081508523450000011624583_QUICKLOOK.JPG
footprint_443,ankara,2028112809202420000011107412_QUICKLOOK.JPG
footprint_444,antalya,2028081508523450000011624583_QUICKLOOK.JPG
footprint_445,antalya,2028081508523450000011624583_QUICKLOOK.JPG
footprint_446,ankara,2028112809202420000011107412_QUICKLOOK.JPG
footprint_447,antalya,2028081508523450000011624583_QUICKLOOK.JPG
footprint_448,antalya,2028081508523450000011624583_QUICKLOOK.JPG
footprint_449,ankara,2028112809202420000011107412_QUICKLOOK.JPG
footprint_450,antalya,2028081508523450000011624583_QUICKLOOK.JPG
footprint_451,ankara,2028112809202420000011107412_QUICKLOOK.JPG
footprint_452,antalya,2028081508523450000011624583_QUICKLOOK.JPG
footprint_453,antalya,2028081508523450000011624583_QUICKLOOK.JPG
footprint_454,antalya,2028081508523450000011624583_QUICKLOOK.JPG
footprint_455,ankara,2028112809202420000011107412_QUICKLOOK.JPG
footprint_456,ankara,2028112809202420000011107412_QUICKLOOK.JPG
footprint_457,ankara,2028112809202420000011107412_QUICKLOOK.JPG
footprint_458,ankara,2028112809202420000011107412_QUICKLOOK.JPG
footprint_459,antalya,2028081508523450000011624583_QUICKLOOK.JPG
footprint_460,ankara,2028112809202420000011107412_QUICKLOOK.JPG
footprint_461,ankara,2028112809202420000011107412_QUICKLOOK.JPG
footprint_462,ankara,2028112809202420000011107412_QUICKLOOK.JPG
footprint_463,antalya,2028081508523450000011624583_QUICKLOOK.JPG
footprint_464,antalya,2028081508523450000011624583_QUICKLOOK.JPG
footprint_465,antalya,2028081508523450000011624583_QUICKLOOK.JPG
footprint_466,antalya,2028081508523450000011624583_QUICKLOOK.JPG
footprint_467,antalya,2028081508523450000011624583_QUICKLOOK.JPG
footprint_468,ankara,2028112809202420000011107412_QUICKLOOK.JPG
footprint_469,ankara,2028112809202420000011107412_QUICKLOOK.JPG
footprint_470,antalya,2028081508523450000011624583_QUICKLOOK.JPG
footprint_471,antalya,2028081508523450000011624583_QUICKLOOK.JPG
footprint_472,ankara,2028112809202420000011107412_QUICKLOOK.JPG
footprint_473,antalya,2028081508523450000011624583_QUICKLOOK.JPG
footprint_474,antalya,2028081508523450000011624583_QUICKLOOK.JPG
footprint_475,ankara,2028112809202420000011107412_QUICKLOOK.JPG
footprint_476,antalya,2028081508523450000011624583_QUICKLOOK.JPG
footprint_477,antalya,2028081508523450000011624583_QUICKLOOK.JPG
footprint_478,antalya,2028081508523450000011624583_QUICKLOOK.JPG
footprint_479,antalya,2028081508523450000011624583_QUICKLOOK.JPG
footprint_480,ankara,2028112809202420000011107412_QUICKLOOK.JPG
footprint_481,antalya,2028081508523450000011624583_QUICKLOOK.JPG
footprint_482,ankara,2028112809202420000011107412_QUICKLOOK.JPG
footprint_483,antalya,2028081508523450000011624583_QUICKLOOK.JPG
footprint_484,antalya,2028081508523450000011624583_QUICKLOOK.JPG
footprint_485,antalya,2028081508523450000011624583_QUICKLOOK.JPG
footprint_486,ankara,2028112809202420000011107412_QUICKLOOK.JPG
footprint_487,antalya,2028081508523450000011624583_QUICKLOOK.JPG
footprint_488,antalya,2028081508523450000011624583_QUICKLOOK.JPG
footprint_489,antalya,2028081508523450000011624583_QUICKLOOK.JPG
footprint_490,ankara,2028112809202420000011107412_QUICKLOOK.JPG
footprint_491,antalya,2028081508523450000011624583_QUICKLOOK.JPG
footprint_492,ankara,2028112809202420000011107412_QUICKLOOK.JPG
footprint_493,ankara,2028112809202420000011107412_QUICKLOOK.JPG
footprint_494,antalya,2028081508523450000011624583_QUICKLOOK.JPG
footprint_495,ankara,2028112809202420000011107412_QUICKLOOK.JPG
footprint_496,ankara,2028112809202420000011107412_QUICKLOOK.JPG
footprint_497,antalya,2028081508523450000011624583_QUICKLOOK.JPG
footprint_498,ankara,2028112809202420000011107412_QUICKLOOK.JPG
footprint_499,antalya,2028081508523450000011624583_QUICKLOOK.JPG
footprint_500,ankara,2028112809202420000011107412_QUICKLOOK.JPG
footprint_501,ankara,2028112809202420000011107412_QUICKLOOK.JPG
footprint_502,antalya,2028081508523450000011624583_QUICKLOOK.JPG
footprint_503,antalya,2028081508523450000011624583_QUICKLOOK.JPG
footprint_504,antalya,2028081508523450000011624583_QUICKLOOK.JPG
footprint_505,ankara,2028112809202420000011107412_QUICKLOOK.JPG
footprint_506,antalya,2028081508523450000011624583_QUICKLOOK.JPG
footprint_507,antalya,2028081508523450000011624583_QUICKLOOK.JPG
footprint_508,antalya,2028081508523450000011624583_QUICKLOOK.JPG
footprint_509,antalya,2028081508523450000011624583_QUICKLOOK.JPG
footprint_510,antalya,2028081508523450000011624583_QUICKLOOK.JPG
footprint_511,antalya,2028081508523450000011624583_QUICKLOOK.JPG
footprint_512,antalya,2028081508523450000011624583_QUICKLOOK.JPG
footprint_513,ankara,2028112809202420000011107412_QUICKLOOK.JPG
footprint_514,antalya,2028081508523450000011624583_QUICKLOOK.JPG
footprint_515,ankara,2028112809202420000011107412_QUICKLOOK.JPG
footprint_516,ankara,2028112809202420000011107412_QUICKLOOK.JPG
footprint_517,antalya,2028081508523450000011624583_QUICKLOOK.JPG
footprint_518,ankara,2028112809202420000011107412_QUICKLOOK.JPG
footprint_519,ankara,2028112809202420000011107412_QUICKLOOK.JPG
footprint_520,ankara,2028112809202420000011107412_QUICKLOOK.JPG
footprint_521,ankara,2028112809202420000011107412_QUICKLOOK.JPG
footprint_522,ankara,2028112809202420000011107412_QUICKLOOK.JPG
footprint_523,ankara,2028112809202420000011107412_QUICKLOOK.JPG
footprint_524,ankara,2028112809202420000011107412_QUICKLOOK.JPG
footprint_525,ankara,2028112809202420000011107412_QUICKLOOK.JPG
footprint_526,ankara,2028112809202420000011107412_QUICKLOOK.JPG
footprint_527,ankara,2028112809202420000011107412_QUICKLOOK.JPG
footprint_528,antalya,2028081508523450000011624583_QUICKLOOK.JPG
footprint_529,ankara,2028112809202420000011107412_QUICKLOOK.JPG
footprint_530,ankara,2028112809202420000011107412_QUICKLOOK.JPG
footprint_531,antalya,2028081508523450000011624583_QUICKLOOK.JPG
footprint_532,antalya,2028081508523450000011624583_QUICKLOOK.JPG
footprint_533,antalya,2028081508523450000011624583_QUICKLOOK.JPG
footprint_534,ankara,2028112809202420000011107412_QUICKLOOK.JPG
footprint_535,ankara,2028112809202420000011107412_QUICKLOOK.JPG
footprint_536,ankara,2028112809202420000011107412_QUICKLOOK.JPG
footprint_537,antalya,2028081508523450000011624583_QUICKLOOK.JPG
footprint_538,ankara,2028112809202420000011107412_QUICKLOOK.JPG
footprint_539,ankara,2028112809202420000011107412_QUICKLOOK.JPG
footprint_540,antalya,2028081508523450000011624583_QUICKLOOK.JPG
footprint_541,antalya,2028081508523450000011624583_QUICKLOOK.JPG
footprint_542,antalya,2028081508523450000011624583_QUICKLOOK.JPG
footprint_543,ankara,2028112809202420000011107412_QUICKLOOK.JPG
footprint_544,ankara,2028112809202420000011107412_QUICKLOOK.JPG
footprint_545,ankara,2028112809202420000011107412_QUICKLOOK.JPG
footprint_546,ankara,2028112809202420000011107412_QUICKLOOK.JPG
footprint_547,antalya,2028081508523450000011624583_QUICKLOOK.JPG
footprint_548,ankara,2028112809202420000011107412_QUICKLOOK.JPG
footprint_549,ankara,2028112809202420000011107412_QUICKLOOK.JPG
footprint_550,antalya,2028081508523450000011624583_QUICKLOOK.JPG
footprint_551,antalya,2028081508523450000011624583_QUICKLOOK.JPG
footprint_552,antalya,2028081508523450000011624583_QUICKLOOK.JPG
footprint_553,ankara,2028112809202420000011107412_QUICKLOOK.JPG
footprint_554,antalya,2028081508523450000011624583_QUICKLOOK.JPG
footprint_555,ankara,2028112809202420000011107412_QUICKLOOK.JPG
footprint_556,antalya,2028081508523450000011624583_QUICKLOOK.JPG
footprint_557,antalya,2028081508523450000011624583_QUICKLOOK.JPG
footprint_558,ankara,2028112809202420000011107412_QUICKLOOK.JPG
footprint_559,antalya,2028081508523450000011624583_QUICKLOOK.JPG
footprint_560,antalya,2028081508523450000011624583_QUICKLOOK.JPG
footprint_561,antalya,2028081508523450000011624583_QUICKLOOK.JPG
footprint_562,ankara,2028112809202420000011107412_QUICKLOOK.JPG
footprint_563,antalya,2028081508523450000011624583_QUICKLOOK.JPG
footprint_564,ankara,2028112809202420000011107412_QUICKLOOK.JPG
footprint_565,antalya,2028081508523450000011624583_QUICKLOOK.JPG
footprint_566,antalya,2028081508523450000011624583_QUICKLOOK.JPG
footprint_567,antalya,2028081508523450000011624583_QUICKLOOK.JPG
footprint_568,antalya,2028081508523450000011624583_QUICKLOOK.JPG
footprint_569,antalya,2028081508523450000011624583_QUICKLOOK.JPG
footprint_570,antalya,2028081508523450000011624583_QUICKLOOK.JPG
footprint_571,ankara,2028112809202420000011107412_QUICKLOOK.JPG
footprint_572,ankara,2028112809202420000011107412_QUICKLOOK.JPG
footprint_573,antalya,2028081508523450000011624583_QUICKLOOK.JPG
footprint_574,antalya,2028081508523450000011624583_QUICKLOOK.JPG
footprint_575,ankara,2028112809202420000011107412_QUICKLOOK.JPG
footprint_576,antalya,2028081508523450000011624583_QUICKLOOK.JPG
footprint_577,antalya,2028081508523450000011624583_QUICKLOOK.JPG
footprint_578,antalya,2028081508523450000011624583_QUICKLOOK.JPG
footprint_579,ankara,2028112809202420000011107412_QUICKLOOK.JPG
footprint_580,antalya,2028081508523450000011624583_QUICKLOOK.JPG
footprint_581,antalya,2028081508523450000011624583_QUICKLOOK.JPG
footprint_582,ankara,2028112809202420000011107412_QUICKLOOK.JPG
footprint_583,antalya,2028081508523450000011624583_QUICKLOOK.JPG
footprint_584,ankara,2028112809202420000011107412_QUICKLOOK.JPG
footprint_585,antalya,2028081508523450000011624583_QUICKLOOK.JPG
footprint_586,antalya,2028081508523450000011624583_QUICKLOOK.JPG
footprint_587,antalya,2028081508523450000011624583_QUICKLOOK.JPG
footprint_588,antalya,2028081508523450000011624583_QUICKLOOK.JPG
footprint_589,antalya,2028081508523450000011624583_QUICKLOOK.JPG
footprint_590,ankara,2028112809202420000011107412_QUICKLOOK.JPG
footprint_591,ankara,2028112809202420000011107412_QUICKLOOK.JPG
footprint_592,ankara,2028112809202420000011107412_QUICKLOOK.JPG
footprint_593,ankara,2028112809202420000011107412_QUICKLOOK.JPG
footprint_594,antalya,2028081508523450000011624583_QUICKLOOK.JPG
footprint_595,antalya,2028081508523450000011624583_QUICKLOOK.JPG
footprint_596,ankara,2028112809202420000011107412_QUICKLOOK.JPG
footprint_597,antalya,2028081508523450000011624583_QUICKLOOK.JPG
footprint_598,antalya,2028081508523450000011624583_QUICKLOOK.JPG
footprint_599,antalya,2028081508523450000011624583_QUICKLOOK.JPG
footprint_600,ankara,2028112809202420000011107412_QUICKLOOK.JPG
footprint_601,ankara,2028112809202420000011107412_QUICKLOOK.JPG
footprint_602,antalya,2028081508523450000011624583_QUICKLOOK.JPG
footprint_603,ankara,2028112809202420000011107412_QUICKLOOK.JPG
footprint_604,antalya,2028081508523450000011624583_QUICKLOOK.JPG
footprint_605,ankara,2028112809202420000011107412_QUICKLOOK.JPG
footprint_606,antalya,2028081508523450000011624583_QUICKLOOK.JPG
footprint_607,antalya,2028081508523450000011624583_QUICKLOOK.JPG
footprint_608,antalya,2028081508523450000011624583_QUICKLOOK.JPG
footprint_609,antalya,2028081508523450000011624583_QUICKLOOK.JPG
footprint_610,antalya,2028081508523450000011624583_QUICKLOOK.JPG
footprint_611,antalya,2028081508523450000011624583_QUICKLOOK.JPG
footprint_612,antalya,2028081508523450000011624583_QUICKLOOK.JPG
footprint_613,antalya,2028081508523450000011624583_QUICKLOOK.JPG
footprint_614,antalya,2028081508523450000011624583_QUICKLOOK.JPG
footprint_615,antalya,2028081508523450000011624583_QUICKLOOK.JPG
footprint_616,antalya,2028081508523450000011624583_QUICKLOOK.JPG
footprint_617,ankara,2028112809202420000011107412_QUICKLOOK.JPG
footprint_618,ankara,2028112809202420000011107412_QUICKLOOK.JPG
footprint_619,ankara,2028112809202420000011107412_QUICKLOOK.JPG
footprint_620,antalya,2028081508523450000011624583_QUICKLOOK.JPG
footprint_621,ankara,2028112809202420000011107412_QUICKLOOK.JPG
footprint_622,ankara,2028112809202420000011107412_QUICKLOOK.JPG
footprint_623,ankara,2028112809202420000011107412_QUICKLOOK.JPG
footprint_624,ankara,2028112809202420000011107412_QUICKLOOK.JPG
footprint_625,antalya,2028081508523450000011624583_QUICKLOOK.JPG
footprint_626,antalya,2028081508523450000011624583_QUICKLOOK.JPG
footprint_627,antalya,2028081508523450000011624583_QUICKLOOK.JPG
footprint_628,ankara,2028112809202420000011107412_QUICKLOOK.JPG
footprint_629,ankara,2028112809202420000011107412_QUICKLOOK.JPG
footprint_630,antalya,2028081508523450000011624583_QUICKLOOK.JPG
footprint_631,ankara,2028112809202420000011107412_QUICKLOOK.JPG
footprint_632,antalya,2028081508523450000011624583_QUICKLOOK.JPG
footprint_633,ankara,2028112809202420000011107412_QUICKLOOK.JPG
footprint_634,antalya,2028081508523450000011624583_QUICKLOOK.JPG
footprint_635,ankara,2028112809202420000011107412_QUICKLOOK.JPG
footprint_636,ankara,2028112809202420000011107412_QUICKLOOK.JPG
footprint_637,antalya,2028081508523450000011624583_QUICKLOOK.JPG
footprint_638,ankara,2028112809202420000011107412_QUICKLOOK.JPG
footprint_639,ankara,2028112809202420000011107412_QUICKLOOK.JPG
footprint_640,antalya,2028081508523450000011624583_QUICKLOOK.JPG
footprint_641,ankara,2028112809202420000011107412_QUICKLOOK.JPG
footprint_642,antalya,2028081508523450000011624583_QUICKLOOK.JPG
footprint_643,ankara,2028112809202420000011107412_QUICKLOOK.JPG
footprint_644,ankara,2028112809202420000011107412_QUICKLOOK.JPG
footprint_645,antalya,2028081508523450000011624583_QUICKLOOK.JPG
footprint_646,antalya,2028081508523450000011624583_QUICKLOOK.JPG
footprint_647,antalya,2028081508523450000011624583_QUICKLOOK.JPG
footprint_648,antalya,2028081508523450000011624583_QUICKLOOK.JPG
footprint_649,antalya,2028081508523450000011624583_QUICKLOOK.JPG
footprint_650,ankara,2028112809202420000011107412_QUICKLOOK.JPG
footprint_651,ankara,2028112809202420000011107412_QUICKLOOK.JPG
footprint_652,antalya,2028081508523450000011624583_QUICKLOOK.JPG
footprint_653,antalya,2028081508523450000011624583_QUICKLOOK.JPG
footprint_654,ankara,2028112809202420000011107412_QUICKLOOK.JPG
footprint_655,ankara,2028112809202420000011107412_QUICKLOOK.JPG
footprint_656,antalya,2028081508523450000011624583_QUICKLOOK.JPG
footprint_657,antalya,2028081508523450000011624583_QUICKLOOK.JPG
footprint_658,ankara,2028112809202420000011107412_QUICKLOOK.JPG
footprint_659,ankara,2028112809202420000011107412_QUICKLOOK.JPG
footprint_660,ankara,2028112809202420000011107412_QUICKLOOK.JPG
footprint_661,ankara,2028112809202420000011107412_QUICKLOOK.JPG
footprint_662,antalya,2028081508523450000011624583_QUICKLOOK.JPG
footprint_663,ankara,2028112809202420000011107412_QUICKLOOK.JPG
footprint_664,ankara,2028112809202420000011107412_QUICKLOOK.JPG
footprint_665,ankara,2028112809202420000011107412_QUICKLOOK.JPG
footprint_666,antalya,2028081508523450000011624583_QUICKLOOK.JPG
footprint_667,ankara,2028112809202420000011107412_QUICKLOOK.JPG
footprint_668,antalya,2028081508523450000011624583_QUICKLOOK.JPG
footprint_669,antalya,2028081508523450000011624583_QUICKLOOK.JPG
footprint_670,antalya,2028081508523450000011624583_QUICKLOOK.JPG
footprint_671,antalya,2028081508523450000011624583_QUICKLOOK.JPG
footprint_672,antalya,2028081508523450000011624583_QUICKLOOK.JPG
footprint_673,antalya,2028081508523450000011624583_QUICKLOOK.JPG
footprint_674,ankara,2028112809202420000011107412_QUICKLOOK.JPG
footprint_675,ankara,2028112809202420000011107412_QUICKLOOK.JPG
footprint_676,ankara,2028112809202420000011107412_QUICKLOOK.JPG
footprint_677,ankara,2028112809202420000011107412_QUICKLOOK.JPG
footprint_678,antalya,2028081508523450000011624583_QUICKLOOK.JPG
footprint_679,ankara,2028112809202420000011107412_QUICKLOOK.JPG
footprint_680,ankara,2028112809202420000011107412_QUICKLOOK.JPG
footprint_681,ankara,2028112809202420000011107412_QUICKLOOK.JPG
footprint_682,ankara,2028112809202420000011107412_QUICKLOOK.JPG
footprint_683,ankara,2028112809202420000011107412_QUICKLOOK.JPG
footprint_684,ankara,2028112809202420000011107412_QUICKLOOK.JPG
footprint_685,ankara,2028112809202420000011107412_QUICKLOOK.JPG
footprint_686,antalya,2028081508523450000011624583_QUICKLOOK.JPG
footprint_687,antalya,2028081508523450000011624583_QUICKLOOK.JPG
footprint_688,antalya,2028081508523450000011624583_QUICKLOOK.JPG
footprint_689,antalya,2028081508523450000011624583_QUICKLOOK.JPG
footprint_690,ankara,2028112809202420000011107412_QUICKLOOK.JPG
footprint_691,ankara,2028112809202420000011107412_QUICKLOOK.JPG
footprint_692,antalya,2028081508523450000011624583_QUICKLOOK.JPG
footprint_693,antalya,2028081508523450000011624583_QUICKLOOK.JPG
footprint_694,antalya,2028081508523450000011624583_QUICKLOOK.JPG
footprint_695,ankara,2028112809202420000011107412_QUICKLOOK.JPG
footprint_696,ankara,2028112809202420000011107412_QUICKLOOK.JPG
footprint_697,antalya,2028081508523450000011624583_QUICKLOOK.JPG
footprint_698,ankara,2028112809202420000011107412_QUICKLOOK.JPG
footprint_699,antalya,2028081508523450000011624583_QUICKLOOK.JPG
footprint_700,ankara,2028112809202420000011107412_QUICKLOOK.JPG
footprint_701,ankara,2028112809202420000011107412_QUICKLOOK.JPG
footprint_702,ankara,2028112809202420000011107412_QUICKLOOK.JPG
footprint_703,antalya,2028081508523450000011624583_QUICKLOOK.JPG
footprint_704,ankara,2028112809202420000011107412_QUICKLOOK.JPG
footprint_705,ankara,2028112809202420000011107412_QUICKLOOK.JPG
footprint_706,ankara,2028112809202420000011107412_QUICKLOOK.JPG
footprint_707,ankara,2028112809202420000011107412_QUICKLOOK.JPG
footprint_708,antalya,2028081508523450000011624583_QUICKLOOK.JPG
footprint_709,antalya,2028081508523450000011624583_QUICKLOOK.JPG
footprint_710,antalya,2028081508523450000011624583_QUICKLOOK.JPG
footprint_711,ankara,2028112809202420000011107412_QUICKLOOK.JPG
footprint_712,antalya,2028081508523450000011624583_QUICKLOOK.JPG
footprint_713,antalya,2028081508523450000011624583_QUICKLOOK.JPG
footprint_714,antalya,2028081508523450000011624583_QUICKLOOK.JPG
footprint_715,antalya,2028081508523450000011624583_QUICKLOOK.JPG
footprint_716,antalya,2028081508523450000011624583_QUICKLOOK.JPG
footprint_717,antalya,2028081508523450000011624583_QUICKLOOK.JPG
footprint_718,ankara,2028112809202420000011107412_QUICKLOOK.JPG
footprint_719,ankara,2028112809202420000011107412_QUICKLOOK.JPG
footprint_720,antalya,2028081508523450000011624583_QUICKLOOK.JPG
footprint_721,antalya,2028081508523450000011624583_QUICKLOOK.JPG
footprint_722,antalya,2028081508523450000011624583_QUICKLOOK.JPG
footprint_723,ankara,2028112809202420000011107412_QUICKLOOK.JPG
footprint_724,ankara,2028112809202420000011107412_QUICKLOOK.JPG
footprint_725,ankara,2028112809202420000011107412_QUICKLOOK.JPG
footprint_726,ankara,2028112809202420000011107412_QUICKLOOK.JPG
footprint_727,antalya,2028081508523450000011624583_QUICKLOOK.JPG
footprint_728,ankara,2028112809202420000011107412_QUICKLOOK.JPG
footprint_729,ankara,2028112809202420000011107412_QUICKLOOK.JPG
footprint_730,antalya,2028081508523450000011624583_QUICKLOOK.JPG
footprint_731,antalya,2028081508523450000011624583_QUICKLOOK.JPG
footprint_732,antalya,2028081508523450000011624583_QUICKLOOK.JPG
footprint_733,ankara,2028112809202420000011107412_QUICKLOOK.JPG
footprint_734,antalya,2028081508523450000011624583_QUICKLOOK.JPG
footprint_735,antalya,2028081508523450000011624583_QUICKLOOK.JPG
footprint_736,ankara,2028112809202420000011107412_QUICKLOOK.JPG
footprint_737,antalya,2028081508523450000011624583_QUICKLOOK.JPG
footprint_738,antalya,2028081508523450000011624583_QUICKLOOK.JPG
footprint_739,antalya,2028081508523450000011624583_QUICKLOOK.JPG
footprint_740,antalya,2028081508523450000011624583_QUICKLOOK.JPG
footprint_741,antalya,2028081508523450000011624583_QUICKLOOK.JPG
footprint_742,ankara,2028112809202420000011107412_QUICKLOOK.JPG
footprint_743,ankara,2028112809202420000011107412_QUICKLOOK.JPG
footprint_744,antalya,2028081508523450000011624583_QUICKLOOK.JPG
footprint_745,antalya,2028081508523450000011624583_QUICKLOOK.JPG
footprint_746,antalya,2028081508523450000011624583_QUICKLOOK.JPG
footprint_747,antalya,2028081508523450000011624583_QUICKLOOK.JPG
footprint_748,antalya,2028081508523450000011624583_QUICKLOOK.JPG
footprint_749,ankara,2028112809202420000011107412_QUICKLOOK.JPG
footprint_750,antalya,2028081508523450000011624583_QUICKLOOK.JPG
footprint_751,ankara,2028112809202420000011107412_QUICKLOOK.JPG
footprint_752,antalya,2028081508523450000011624583_QUICKLOOK.JPG
footprint_753,antalya,2028081508523450000011624583_QUICKLOOK.JPG
footprint_754,antalya,2028081508523450000011624583_QUICKLOOK.JPG
footprint_755,ankara,2028112809202420000011107412_QUICKLOOK.JPG
footprint_756,antalya,2028081508523450000011624583_QUICKLOOK.JPG
footprint_757,ankara,2028112809202420000011107412_QUICKLOOK.JPG
footprint_758,antalya,2028081508523450000011624583_QUICKLOOK.JPG
footprint_759,antalya,2028081508523450000011624583_QUICKLOOK.JPG
footprint_760,ankara,2028112809202420000011107412_QUICKLOOK.JPG
footprint_761,ankara,2028112809202420000011107412_QUICKLOOK.JPG
footprint_762,antalya,2028081508523450000011624583_QUICKLOOK.JPG
footprint_763,antalya,2028081508523450000011624583_QUICKLOOK.JPG
footprint_764,antalya,2028081508523450000011624583_QUICKLOOK.JPG
footprint_765,ankara,2028112809202420000011107412_QUICKLOOK.JPG
footprint_766,ankara,2028112809202420000011107412_QUICKLOOK.JPG
footprint_767,antalya,2028081508523450000011624583_QUICKLOOK.JPG
footprint_768,ankara,2028112809202420000011107412_QUICKLOOK.JPG
footprint_769,antalya,2028081508523450000011624583_QUICKLOOK.JPG
footprint_770,antalya,2028081508523450000011624583_QUICKLOOK.JPG
footprint_771,antalya,2028081508523450000011624583_QUICKLOOK.JPG
footprint_772,ankara,2028112809202420000011107412_QUICKLOOK.JPG
footprint_773,ankara,2028112809202420000011107412_QUICKLOOK.JPG
footprint_774,ankara,2028112809202420000011107412_QUICKLOOK.JPG
footprint_775,ankara,2028112809202420000011107412_QUICKLOOK.JPG
footprint_776,antalya,2028081508523450000011624583_QUICKLOOK.JPG
footprint_777,ankara,2028112809202420000011107412_QUICKLOOK.JPG
footprint_778,antalya,2028081508523450000011624583_QUICKLOOK.JPG
footprint_779,ankara,2028112809202420000011107412_QUICKLOOK.JPG
footprint_780,ankara,2028112809202420000011107412_QUICKLOOK.JPG
footprint_781,ankara,2028112809202420000011107412_QUICKLOOK.JPG
footprint_782,antalya,2028081508523450000011624583_QUICKLOOK.JPG
footprint_783,ankara,2028112809202420000011107412_QUICKLOOK.JPG
footprint_784,ankara,2028112809202420000011107412_QUICKLOOK.JPG
footprint_785,antalya,2028081508523450000011624583_QUICKLOOK.JPG
footprint_786,antalya,2028081508523450000011624583_QUICKLOOK.JPG
footprint_787,antalya,2028081508523450000011624583_QUICKLOOK.JPG
footprint_788,antalya,2028081508523450000011624583_QUICKLOOK.JPG
footprint_789,antalya,2028081508523450000011624583_QUICKLOOK.JPG
footprint_790,antalya,2028081508523450000011624583_QUICKLOOK.JPG
footprint_791,ankara,2028112809202420000011107412_QUICKLOOK.JPG
footprint_792,antalya,2028081508523450000011624583_QUICKLOOK.JPG
footprint_793,ankara,2028112809202420000011107412_QUICKLOOK.JPG
footprint_794,antalya,2028081508523450000011624583_QUICKLOOK.JPG
footprint_795,ankara,2028112809202420000011107412_QUICKLOOK.JPG
footprint_796,ankara,2028112809202420000011107412_QUICKLOOK.JPG
footprint_797,ankara,2028112809202420000011107412_QUICKLOOK.JPG
footprint_798,antalya,2028081508523450000011624583_QUICKLOOK.JPG
footprint_799,antalya,2028081508523450000011624583_QUICKLOOK.JPG
footprint_800,antalya,2028081508523450000011624583_QUICKLOOK.JPG
footprint_801,antalya,2028081508523450000011624583_QUICKLOOK.JPG
footprint_802,ankara,2028112809202420000011107412_QUICKLOOK.JPG
footprint_803,antalya,2028081508523450000011624583_QUICKLOOK.JPG
footprint_804,antalya,2028081508523450000011624583_QUICKLOOK.JPG
footprint_805,antalya,2028081508523450000011624583_QUICKLOOK.JPG
footprint_806,ankara,2028112809202420000011107412_QUICKLOOK.JPG
footprint_807,antalya,2028081508523450000011624583_QUICKLOOK.JPG
footprint_808,antalya,2028081508523450000011624583_QUICKLOOK.JPG
footprint_809,antalya,2028081508523450000011624583_QUICKLOOK.JPG
footprint_810,antalya,2028081508523450000011624583_QUICKLOOK.JPG
footprint_811,antalya,2028081508523450000011624583_QUICKLOOK.JPG
footprint_812,antalya,2028081508523450000011624583_QUICKLOOK.JPG
footprint_813,antalya,2028081508523450000011624583_QUICKLOOK.JPG
footprint_814,ankara,2028112809202420000011107412_QUICKLOOK.JPG
footprint_815,ankara,2028112809202420000011107412_QUICKLOOK.JPG
footprint_816,antalya,2028081508523450000011624583_QUICKLOOK.JPG
footprint_817,ankara,2028112809202420000011107412_QUICKLOOK.JPG
footprint_818,antalya,2028081508523450000011624583_QUICKLOOK.JPG
footprint_819,ankara,2028112809202420000011107412_QUICKLOOK.JPG
footprint_820,antalya,2028081508523450000011624583_QUICKLOOK.JPG
footprint_821,antalya,2028081508523450000011624583_QUICKLOOK.JPG
footprint_822,antalya,2028081508523450000011624583_QUICKLOOK.JPG
footprint_823,antalya,2028081508523450000011624583_QUICKLOOK.JPG
footprint_824,ankara,2028112809202420000011107412_QUICKLOOK.JPG
footprint_825,antalya,2028081508523450000011624583_QUICKLOOK.JPG
footprint_826,ankara,2028112809202420000011107412_QUICKLOOK.JPG
footprint_827,ankara,2028112809202420000011107412_QUICKLOOK.JPG
footprint_828,antalya,2028081508523450000011624583_QUICKLOOK.JPG
footprint_829,ankara,2028112809202420000011107412_QUICKLOOK.JPG
footprint_830,antalya,2028081508523450000011624583_QUICKLOOK.JPG
footprint_831,ankara,2028112809202420000011107412_QUICKLOOK.JPG
footprint_832,antalya,2028081508523450000011624583_QUICKLOOK.JPG
footprint_833,ankara,2028112809202420000011107412_QUICKLOOK.JPG
footprint_834,ankara,2028112809202420000011107412_QUICKLOOK.JPG
footprint_835,antalya,2028081508523450000011624583_QUICKLOOK.JPG
footprint_836,ankara,2028112809202420000011107412_QUICKLOOK.JPG
footprint_837,ankara,2028112809202420000011107412_QUICKLOOK.JPG
footprint_838,antalya,2028081508523450000011624583_QUICKLOOK.JPG
footprint_839,antalya,2028081508523450000011624583_QUICKLOOK.JPG
footprint_840,antalya,2028081508523450000011624583_QUICKLOOK.JPG
footprint_841,antalya,2028081508523450000011624583_QUICKLOOK.JPG
footprint_842,ankara,2028112809202420000011107412_QUICKLOOK.JPG
footprint_843,antalya,2028081508523450000011624583_QUICKLOOK.JPG
footprint_844,antalya,2028081508523450000011624583_QUICKLOOK.JPG
footprint_845,antalya,2028081508523450000011624583_QUICKLOOK.JPG
footprint_846,antalya,2028081508523450000011624583_QUICKLOOK.JPG
footprint_847,ankara,2028112809202420000011107412_QUICKLOOK.JPG
footprint_848,ankara,2028112809202420000011107412_QUICKLOOK.JPG
footprint_849,ankara,2028112809202420000011107412_QUICKLOOK.JPG
footprint_850,antalya,2028081508523450000011624583_QUICKLOOK.JPG
footprint_851,ankara,2028112809202420000011107412_QUICKLOOK.JPG
footprint_852,ankara,2028112809202420000011107412_QUICKLOOK.JPG
footprint_853,antalya,2028081508523450000011624583_QUICKLOOK.JPG
footprint_854,ankara,2028112809202420000011107412_QUICKLOOK.JPG
footprint_855,ankara,2028112809202420000011107412_QUICKLOOK.JPG
footprint_856,antalya,2028081508523450000011624583_QUICKLOOK.JPG
footprint_857,ankara,2028112809202420000011107412_QUICKLOOK.JPG
footprint_858,antalya,2028081508523450000011624583_QUICKLOOK.JPG
footprint_859,ankara,2028112809202420000011107412_QUICKLOOK.JPG
footprint_860,ankara,2028112809202420000011107412_QUICKLOOK.JPG
footprint_861,antalya,2028081508523450000011624583_QUICKLOOK.JPG
footprint_862,ankara,2028112809202420000011107412_QUICKLOOK.JPG
footprint_863,antalya,2028081508523450000011624583_QUICKLOOK.JPG
footprint_864,antalya,2028081508523450000011624583_QUICKLOOK.JPG
footprint_865,antalya,2028081508523450000011624583_QUICKLOOK.JPG
footprint_866,antalya,2028081508523450000011624583_QUICKLOOK.JPG
footprint_867,ankara,2028112809202420000011107412_QUICKLOOK.JPG
footprint_868,ankara,2028112809202420000011107412_QUICKLOOK.JPG
footprint_869,antalya,2028081508523450000011624583_QUICKLOOK.JPG
footprint_870,ankara,2028112809202420000011107412_QUICKLOOK.JPG
footprint_871,ankara,2028112809202420000011107412_QUICKLOOK.JPG
footprint_872,ankara,2028112809202420000011107412_QUICKLOOK.JPG
footprint_873,ankara,2028112809202420000011107412_QUICKLOOK.JPG
footprint_874,antalya,2028081508523450000011624583_QUICKLOOK.JPG
footprint_875,ankara,2028112809202420000011107412_QUICKLOOK.JPG
footprint_876,antalya,2028081508523450000011624583_QUICKLOOK.JPG
footprint_877,ankara,2028112809202420000011107412_QUICKLOOK.JPG
footprint_878,ankara,2028112809202420000011107412_QUICKLOOK.JPG
footprint_879,antalya,2028081508523450000011624583_QUICKLOOK.JPG
footprint_880,antalya,2028081508523450000011624583_QUICKLOOK.JPG
footprint_881,antalya,2028081508523450000011624583_QUICKLOOK.JPG
footprint_882,antalya,2028081508523450000011624583_QUICKLOOK.JPG
footprint_883,ankara,2028112809202420000011107412_QUICKLOOK.JPG
footprint_884,antalya,2028081508523450000011624583_QUICKLOOK.JPG
footprint_885,antalya,2028081508523450000011624583_QUICKLOOK.JPG
footprint_886,ankara,2028112809202420000011107412_QUICKLOOK.JPG
footprint_887,ankara,2028112809202420000011107412_QUICKLOOK.JPG
footprint_888,antalya,2028081508523450000011624583_QUICKLOOK.JPG
footprint_889,antalya,2028081508523450000011624583_QUICKLOOK.JPG
footprint_890,antalya,2028081508523450000011624583_QUICKLOOK.JPG
footprint_891,antalya,2028081508523450000011624583_QUICKLOOK.JPG
footprint_892,antalya,2028081508523450000011624583_QUICKLOOK.JPG
footprint_893,antalya,2028081508523450000011624583_QUICKLOOK.JPG
footprint_894,antalya,2028081508523450000011624583_QUICKLOOK.JPG
footprint_895,ankara,2028112809202420000011107412_QUICKLOOK.JPG
footprint_896,antalya,2028081508523450000011624583_QUICKLOOK.JPG
footprint_897,antalya,2028081508523450000011624583_QUICKLOOK.JPG
footprint_898,ankara,2028112809202420000011107412_QUICKLOOK.JPG
footprint_899,ankara,2028112809202420000011107412_QUICKLOOK.JPG
footprint_900,antalya,2028081508523450000011624583_QUICKLOOK.JPG
footprint_901,antalya,2028081508523450000011624583_QUICKLOOK.JPG
footprint_902,antalya,2028081508523450000011624583_QUICKLOOK.JPG
footprint_903,antalya,2028081508523450000011624583_QUICKLOOK.JPG
footprint_904,ankara,2028112809202420000011107412_QUICKLOOK.JPG
footprint_905,antalya,2028081508523450000011624583_QUICKLOOK.JPG
footprint_906,antalya,2028081508523450000011624583_QUICKLOOK.JPG
footprint_907,ankara,2028112809202420000011107412_QUICKLOOK.JPG
footprint_908,ankara,2028112809202420000011107412_QUICKLOOK.JPG
footprint_909,antalya,2028081508523450000011624583_QUICKLOOK.JPG
footprint_910,antalya,2028081508523450000011624583_QUICKLOOK.JPG
footprint_911,ankara,2028112809202420000011107412_QUICKLOOK.JPG
footprint_912,antalya,2028081508523450000011624583_QUICKLOOK.JPG
footprint_913,ankara,2028112809202420000011107412_QUICKLOOK.JPG
footprint_914,ankara,2028112809202420000011107412_QUICKLOOK.JPG
footprint_915,antalya,2028081508523450000011624583_QUICKLOOK.JPG
footprint_916,ankara,2028112809202420000011107412_QUICKLOOK.JPG
footprint_917,ankara,2028112809202420000011107412_QUICKLOOK.JPG
footprint_918,ankara,2028112809202420000011107412_QUICKLOOK.JPG
footprint_919,antalya,2028081508523450000011624583_QUICKLOOK.JPG